book_id,title,author,genres,publication_year,page_count,average_rating,rating_count,description
B001,Dune,Frank Herbert,Science Fiction;Politics;Adventure,1965,412,4.27,850000,A young nobleman becomes entangled in a struggle over a desert planet whose resources shape an interstellar empire.
B002,Hyperion,Dan Simmons,Science Fiction;Space Opera;Adventure,1989,482,4.22,185000,Seven travelers journey toward a mysterious world while recounting the experiences that brought them there.
B003,The Left Hand of Darkness,Ursula K. Le Guin,Science Fiction;Politics;Literary,1969,304,4.08,190000,"An envoy visits a distant planet and must navigate unfamiliar politics, culture, and ideas about gender."
B004,The Dispossessed,Ursula K. Le Guin,Science Fiction;Politics;Literary,1974,387,4.23,170000,A physicist moves between contrasting worlds while questioning the political systems and assumptions of both.
B005,Foundation,Isaac Asimov,Science Fiction;Space Opera;Politics,1951,296,4.17,500000,A mathematician predicts the collapse of a vast empire and develops a plan to shorten the resulting age of chaos.
B006,The Martian,Andy Weir,Science Fiction;Survival;Adventure,2011,369,4.4,950000,"An astronaut stranded on Mars uses engineering, science, and improvisation to survive until rescue becomes possible."
B007,Project Hail Mary,Andy Weir,Science Fiction;Space;Adventure,2021,496,4.5,700000,An astronaut awakens alone on a desperate mission to solve a threat facing humanity and discovers an unexpected ally.
B008,Neuromancer,William Gibson,Science Fiction;Cyberpunk;Crime,1984,271,3.89,320000,A damaged computer hacker is hired for a dangerous job involving artificial intelligence and powerful corporate interests.
B009,Snow Crash,Neal Stephenson,Science Fiction;Cyberpunk;Adventure,1992,470,4.0,300000,A hacker and courier investigate a mysterious digital substance spreading through both virtual and physical society.
B010,The Three-Body Problem,Cixin Liu,Science Fiction;Physics;Mystery,2008,400,4.06,500000,Scientists investigating strange phenomena uncover a connection between modern research and an extraterrestrial civilization.
B011,The Fifth Season,N. K. Jemisin,Fantasy;Climate;Epic,2015,512,4.32,330000,A world shattered by catastrophic geological events forces several women to confront hidden powers and difficult choices.
B012,The Obelisk Gate,N. K. Jemisin,Fantasy;Climate;Epic,2016,410,4.35,250000,Survivors struggle to control dangerous earth-shaping abilities while civilization faces another devastating season.
B013,The Stone Sky,N. K. Jemisin,Fantasy;Climate;Epic,2017,416,4.34,220000,A mother and daughter confront the history behind a world repeatedly torn apart by geological catastrophe.
B014,The Name of the Wind,Patrick Rothfuss,Fantasy;Magic;Coming of Age,2007,662,4.5,950000,"A gifted musician recounts the early life, education, rivalries, and mysteries that shaped his legendary reputation."
B015,The Wise Man's Fear,Patrick Rothfuss,Fantasy;Magic;Adventure,2011,994,4.54,750000,"The continuing account of a gifted young man's education, travels, romances, and pursuit of powerful secrets."
B016,The Way of Kings,Brandon Sanderson,Fantasy;Epic;Magic,2010,1007,4.63,750000,Several characters struggle to survive a brutal war on a storm-swept world where ancient powers are returning.
B017,Words of Radiance,Brandon Sanderson,Fantasy;Epic;Magic,2014,1087,4.76,650000,A growing group of magical warriors and leaders prepares for a larger conflict while discovering the limits of their powers.
B018,Mistborn: The Final Empire,Brandon Sanderson,Fantasy;Magic;Rebellion,2006,541,4.47,650000,A street thief joins a revolutionary plan to overthrow an immortal ruler using a system of magical metals.
B019,The Hobbit,J. R. R. Tolkien,Fantasy;Adventure;Classic,1937,310,4.29,2100000,A reluctant hobbit leaves home with a company of dwarves and becomes involved in a quest involving a dragon and a lost kingdom.
B020,The Fellowship of the Ring,J. R. R. Tolkien,Fantasy;Epic;Adventure,1954,423,4.38,2200000,A hobbit inherits a dangerous artifact and joins a fellowship attempting to keep it from an ancient enemy.
B021,A Game of Thrones,George R. R. Martin,Fantasy;Epic;Politics,1996,694,4.44,2300000,Competing noble families struggle for power while an ancient threat gathers beyond the northern frontier.
B022,The Lies of Locke Lamora,Scott Lynch,Fantasy;Crime;Adventure,2006,752,4.28,330000,An ingenious thief and his companions run elaborate confidence schemes in a city dominated by wealth and criminal politics.
B023,The Poppy War,R. F. Kuang,Fantasy;War;Historical,2018,544,4.14,450000,An orphan enters an elite military academy and discovers a dangerous supernatural ability as war approaches.
B024,Jonathan Strange & Mr Norrell,Susanna Clarke,Fantasy;Historical;Literary,2004,1024,4.3,280000,"Two very different magicians revive English magic and become entangled in politics, rivalry, and an unsettling supernatural bargain."
B025,The Priory of the Orange Tree,Samantha Shannon,Fantasy;Epic;Dragons,2019,848,4.16,210000,"Queens, dragon riders, scholars, and hidden enemies converge as an ancient threat begins to awaken."
B026,Circe,Madeline Miller,Fantasy;Mythology;Literary,2018,393,4.25,900000,"A powerful but isolated witch from Greek mythology recounts her relationships with gods, mortals, and monsters."
B027,The Song of Achilles,Madeline Miller,Historical;Mythology;Romance,2011,378,4.38,1100000,A retelling of the Trojan War centers on the bond between Achilles and Patroclus and the forces that shape their lives.
B028,A Wizard of Earthsea,Ursula K. Le Guin,Fantasy;Magic;Coming of Age,1968,205,4.28,400000,A proud young wizard learns that mastering magic requires confronting the shadow created by his own mistakes.
B029,The Once and Future King,T. H. White,Fantasy;Arthurian;Classic,1958,639,4.05,210000,A series of Arthurian stories follows the future king from childhood through the rise and eventual tragedy of his reign.
B030,Good Omens,Terry Pratchett;Neil Gaiman,Fantasy;Comedy;Apocalypse,1990,412,4.25,850000,An angel and a demon attempt to prevent the apocalypse after an administrative mix-up places the Antichrist in the wrong family.
B031,1984,George Orwell,Dystopian;Politics;Classic,1949,328,4.19,4500000,"A government clerk begins questioning a totalitarian society where language, history, and private thought are tightly controlled."
B032,Brave New World,Aldous Huxley,Dystopian;Science Fiction;Politics,1932,268,3.99,1900000,"A highly engineered society maintains stability through technology, conditioning, entertainment, and the suppression of individuality."
B033,Fahrenheit 451,Ray Bradbury,Dystopian;Science Fiction;Classic,1953,249,4.1,2200000,A fireman whose job is to destroy books begins questioning a society designed to avoid difficult ideas.
B034,The Handmaid's Tale,Margaret Atwood,Dystopian;Politics;Literary,1985,311,4.18,2100000,A woman forced into reproductive servitude recalls the life and freedoms she lost under a theocratic regime.
B035,Never Let Me Go,Kazuo Ishiguro,Dystopian;Literary;Science Fiction,2005,288,4.07,850000,Three friends at an unusual English boarding school gradually discover the unsettling purpose behind their upbringing.
B036,Station Eleven,Emily St. John Mandel,Dystopian;Literary;Post-Apocalyptic,2014,352,4.07,700000,A traveling theater group moves through a changed North America decades after a devastating pandemic.
B037,The Road,Cormac McCarthy,Dystopian;Post-Apocalyptic;Literary,2006,287,4.01,1200000,A father and son travel through a devastated landscape while trying to preserve their humanity and hope.
B038,The Hunger Games,Suzanne Collins,Dystopian;Young Adult;Survival,2008,374,4.33,8500000,A teenager volunteers for a televised survival competition in a society divided by wealth and political control.
B039,The Giver,Lois Lowry,Dystopian;Young Adult;Classic,1993,240,4.12,2500000,A boy chosen to inherit his community's hidden memories begins to see the costs of a seemingly perfect society.
B040,The Power,Naomi Alderman,Dystopian;Politics;Speculative,2016,341,3.88,250000,Women around the world develop a physical power that radically changes existing social and political structures.
B041,Pride and Prejudice,Jane Austen,Romance;Classic;Comedy,1813,279,4.29,4300000,"A sharp-witted young woman navigates family expectations, social status, and a difficult attraction to a wealthy man."
B042,Jane Eyre,Charlotte Bronte,Romance;Gothic;Classic,1847,532,4.15,2100000,An orphaned young woman becomes a governess and finds love while confronting secrets within her employer's household.
B043,Rebecca,Daphne du Maurier,Mystery;Gothic;Romance,1938,449,4.23,950000,A newly married woman arrives at an imposing estate and becomes haunted by the memory of her husband's first wife.
B044,The Great Gatsby,F. Scott Fitzgerald,Classic;Literary;Romance,1925,180,3.93,5200000,"A young man observes wealth, obsession, and social ambition surrounding his mysterious neighbor during the Jazz Age."
B045,Little Women,Louisa May Alcott,Classic;Family;Coming of Age,1868,759,4.16,2300000,"Four sisters grow up together while navigating ambition, love, financial hardship, and changing expectations."
B046,Middlemarch,George Eliot,Classic;Literary;Romance,1871,838,4.04,250000,"Several interconnected lives reveal the ambitions, marriages, and compromises of a provincial English community."
B047,The Seven Husbands of Evelyn Hugo,Taylor Jenkins Reid,Historical;Romance;Celebrity,2017,400,4.45,1600000,An aging Hollywood star chooses an unknown writer to tell the complicated story behind her seven marriages.
B048,Normal People,Sally Rooney,Literary;Romance;Coming of Age,2018,273,3.8,1300000,Two young people repeatedly move together and apart as their friendship and romance evolve through school and adulthood.
B049,The Night Circus,Erin Morgenstern,Fantasy;Romance;Historical,2011,387,4.03,1100000,Two young magicians compete in a mysterious traveling circus where their rivalry becomes deeply personal.
B050,The Invisible Life of Addie LaRue,V. E. Schwab,Fantasy;Romance;Historical,2020,448,4.2,850000,A young woman makes a supernatural bargain for freedom but is cursed to be forgotten by everyone she meets.
B051,The Silent Patient,Alex Michaelides,Mystery;Psychological;Thriller,2019,336,4.17,1800000,A therapist becomes obsessed with understanding why a famous painter stopped speaking after a shocking crime.
B052,Gone Girl,Gillian Flynn,Mystery;Psychological;Thriller,2012,419,4.11,3500000,A woman's disappearance turns her marriage into a media spectacle as conflicting stories reveal darker possibilities.
B053,The Girl with the Dragon Tattoo,Stieg Larsson,Mystery;Crime;Thriller,2005,465,4.16,3100000,A journalist and a brilliant hacker investigate the decades-old disappearance of a wealthy family's relative.
B054,And Then There Were None,Agatha Christie,Mystery;Crime;Classic,1939,264,4.26,1200000,Ten strangers are invited to an isolated island where a mysterious sequence of deaths begins.
B055,The Murder of Roger Ackroyd,Agatha Christie,Mystery;Crime;Classic,1926,312,4.25,500000,Hercule Poirot investigates a murder in a small English community where nearly everyone has a motive.
B056,The Big Sleep,Raymond Chandler,Mystery;Crime;Classic,1939,231,4.0,310000,"A private detective investigates a wealthy family's secrets amid blackmail, murder, and corruption in Los Angeles."
B057,The Name of the Rose,Umberto Eco,Mystery;Historical;Literary,1980,536,4.1,450000,A medieval monk investigates mysterious deaths at an isolated abbey while confronting conflicts over knowledge and power.
B058,The Thursday Murder Club,Richard Osman,Mystery;Comedy;Crime,2020,400,4.05,500000,Four elderly friends who investigate cold cases become unexpectedly involved in a real murder.
B059,In the Woods,Tana French,Mystery;Psychological;Crime,2007,429,4.02,400000,A detective investigating a child's murder finds disturbing connections to a traumatic event from his own childhood.
B060,Big Little Lies,Liane Moriarty,Mystery;Contemporary;Drama,2014,460,4.3,1400000,The lives of several parents at an affluent school unravel around a suspicious death and a web of private conflicts.
B061,The Hobbit,J. R. R. Tolkien,Fantasy;Adventure;Classic,1937,310,4.29,2100000,A reluctant hobbit leaves home with a company of dwarves and becomes involved in a quest involving a dragon and a lost kingdom.
B062,The Book Thief,Markus Zusak,Historical;War;Young Adult,2005,552,4.39,2400000,A young girl in Nazi Germany finds solace in stolen books while her family hides a Jewish man.
B063,All the Light We Cannot See,Anthony Doerr,Historical;War;Literary,2014,544,4.32,1600000,The lives of a blind French girl and a German radio technician converge during World War II.
B064,The Pillars of the Earth,Ken Follett,Historical;Epic;Politics,1989,806,4.31,900000,"Builders, nobles, clergy, and ordinary people struggle through ambition and conflict surrounding the construction of a medieval cathedral."
B065,A Gentleman in Moscow,Amor Towles,Historical;Literary;Character,2016,462,4.35,1000000,An aristocrat sentenced to house arrest in a Moscow hotel builds a rich life within the boundaries imposed on him.
B066,The Lincoln Highway,Amor Towles,Historical;Adventure;Coming of Age,2021,592,4.2,400000,Two brothers set out across 1950s America and encounter unexpected companions whose plans reshape their journey.
B067,Homegoing,Yaa Gyasi,Historical;Family;Literary,2016,305,4.43,500000,Two half-sisters born in eighteenth-century Ghana begin separate family lines whose descendants experience generations of upheaval.
B068,Pachinko,Min Jin Lee,Historical;Family;Immigration,2017,496,4.34,700000,A Korean family builds a life in Japan across much of the twentieth century while confronting discrimination and changing identity.
B069,The Underground Railroad,Colson Whitehead,Historical;Speculative;Literary,2016,306,4.02,650000,An enslaved woman escapes through a literalized underground railroad while encountering different forms of oppression.
B070,The Warmth of Other Suns,Isabel Wilkerson,History;Migration;Nonfiction,2010,622,4.47,300000,Three people leave the American South and become part of the Great Migration that transformed twentieth-century America.
B071,Sapiens,Yuval Noah Harari,History;Anthropology;Nonfiction,2011,443,4.39,1000000,"A broad history of humanity explores how biology, culture, institutions, and imagined systems shaped civilization."
B072,Educated,Tara Westover,Memoir;Education;Family,2018,334,4.47,1800000,A woman raised in an isolated family pursues education and gradually builds a life far removed from her childhood.
B073,The Immortal Life of Henrietta Lacks,Rebecca Skloot,Science;Biography;Medical History,2010,381,4.08,700000,"The story of a woman whose cells transformed medical research raises questions about science, ethics, and family rights."
B074,Into the Wild,Jon Krakauer,Biography;Adventure;Nature,1996,207,4.0,1100000,A young man abandons conventional life and travels across America before heading into the Alaskan wilderness.
B075,Quiet,Susan Cain,Psychology;Nonfiction;Society,2012,333,4.05,1000000,"An exploration of introversion argues that modern culture often undervalues quieter forms of thought, leadership, and creativity."
B076,"Thinking, Fast and Slow",Daniel Kahneman,Psychology;Economics;Nonfiction,2011,499,4.17,700000,A psychologist explains two broad modes of human thinking and the biases that influence judgment and decision-making.
B077,Atomic Habits,James Clear,Self Help;Psychology;Productivity,2018,320,4.35,1100000,A practical framework for building lasting habits by changing small behaviors and the environments that support them.
B078,The Design of Everyday Things,Don Norman,Design;Psychology;Nonfiction,1988,368,4.22,180000,An introduction to human-centered design explains why everyday objects succeed or fail through the interaction between people and interfaces.
B079,The Body Keeps the Score,Bessel van der Kolk,Psychology;Science;Nonfiction,2014,464,4.41,500000,A clinician discusses how traumatic experiences can affect the body and behavior and surveys approaches to recovery.
B080,Bad Blood,John Carreyrou,Business;Technology;Investigative,2018,339,4.36,400000,An investigative account follows the rise and collapse of a biotechnology company built around a disputed medical technology.
B081,The Catcher in the Rye,J. D. Salinger,Classic;Coming of Age;Literary,1951,277,3.81,3500000,"A disillusioned teenager wanders through New York while struggling with grief, identity, and adulthood."
B082,To Kill a Mockingbird,Harper Lee,Classic;Justice;Coming of Age,1960,324,4.26,5700000,A young girl observes her community as her father defends a Black man accused of a serious crime.
B083,Beloved,Toni Morrison,Historical;Literary;Family,1987,321,4.01,1000000,A formerly enslaved woman confronts the psychological and supernatural consequences of her past.
B084,One Hundred Years of Solitude,Gabriel Garcia Marquez,Literary;Magical Realism;Family,1967,417,4.11,1000000,"Several generations of a family experience love, political upheaval, and recurring patterns in a fictional Colombian town."
B085,The Master and Margarita,Mikhail Bulgakov,Literary;Satire;Fantasy,1967,384,4.31,650000,"The arrival of a mysterious stranger in Moscow unleashes a surreal mixture of satire, romance, and philosophical storytelling."
B086,Cloud Atlas,David Mitchell,Literary;Historical;Science Fiction,2004,509,4.04,500000,"Six interconnected stories span different eras and genres, exploring how actions and ideas echo across time."
B087,The Overstory,Richard Powers,Literary;Nature;Ecology,2018,502,4.12,300000,The lives of several people become connected through trees and an expanding awareness of ecological crisis.
B088,The Goldfinch,Donna Tartt,Literary;Coming of Age;Crime,2013,771,3.92,1100000,"After surviving a museum bombing, a boy becomes attached to a famous painting and drifts through grief, crime, and obsession."
B089,A Little Life,Hanya Yanagihara,Literary;Friendship;Drama,2015,720,4.31,900000,Four friends build careers and relationships in New York while one friend's traumatic past shapes their lives.
B090,The Amazing Adventures of Kavalier & Clay,Michael Chabon,Historical;Literary;Adventure,2000,639,4.18,350000,"Two cousins create a comic-book hero while navigating family, art, love, and wartime America."
B091,The Martian Chronicles,Ray Bradbury,Science Fiction;Classic;Mars,1950,317,4.15,500000,A collection of connected stories imagines human expeditions to Mars and the consequences of cultural collision.
B092,Kindred,Octavia E. Butler,Science Fiction;Historical;Time Travel,1979,288,4.31,600000,A modern Black woman is repeatedly transported to the antebellum South and forced to confront her family's history.
B093,Parable of the Sower,Octavia E. Butler,Science Fiction;Dystopian;Climate,1993,345,4.22,450000,A young woman with unusual empathy travels through a fractured future America while developing a new philosophy for survival.
B094,The Power of the Dog,Thomas Savage,Historical;Literary;Western,1967,304,4.0,100000,Two brothers running a Montana ranch become locked in a tense struggle after one marries a widow with a young son.
B095,Lonesome Dove,Larry McMurtry,Western;Historical;Adventure,1985,843,4.52,700000,"Two aging Texas Rangers lead a cattle drive north while confronting friendship, violence, love, and the changing frontier."
B096,East of Eden,John Steinbeck,Historical;Family;Literary,1952,601,4.38,850000,"Two generations of intertwined families confront questions of morality, identity, jealousy, and free will in California."
B097,The Count of Monte Cristo,Alexandre Dumas,Classic;Adventure;Revenge,1844,1276,4.75,900000,"A wrongfully imprisoned sailor escapes, acquires immense wealth, and constructs an elaborate plan for revenge."
B098,The Shadow of the Wind,Carlos Ruiz Zafon,Mystery;Historical;Literary,2001,487,4.27,700000,A boy discovers a mysterious novel in a secret library and becomes obsessed with uncovering its author's troubled history.
B099,The Secret History,Donna Tartt,Mystery;Literary;Crime,1992,559,4.16,750000,A college student joins an exclusive classics group whose intellectual ambitions eventually lead to murder and betrayal.
B100,The Midnight Library,Matt Haig,Fantasy;Contemporary;Philosophical,2020,304,4.02,1200000,A woman given the chance to explore alternate versions of her life considers the choices that define happiness and regret.
